<routes>
    <vType accel="1.0" decel="5.0" id="Car" length="2.0" maxSpeed="30.0" sigma="0.0" />
    <vType accel="1.0" decel="5.0" id="Bus" length="12.0" maxSpeed="30.0" sigma="0.0" />

    <route id="route0" edges="1to2 2to3 3to4 out"/>
    <vehicle depart="10" id="veh1" route="route0" type="Car"/> 
    <vehicle depart="10" id="veh0" route="route0" type="Bus"/> 
    <!-- <route id="route1" edges="1to2 2to3 3to4 out"/> -->
    <!-- <route id="route2" edges="3to4 out"/>
    <vehicle depart="30" id="veh2" route="route2" type="Car"/>  -->
</routes>